,forecast,lower_ci_95,lower_ci_99,upper_ci_95,upper_ci_99
2021-09-01,413.93773242296584,413.4037990557112,413.4037990557112,414.47166579022047,414.47166579022047
2021-10-01,415.4394526180201,414.6478085594303,414.6478085594303,416.23109667660987,416.23109667660987
2021-11-01,416.3933416618972,415.40931128110185,415.40931128110185,417.3773720426925,417.3773720426925
2021-12-01,417.084395452875,415.93987316599896,415.93987316599896,418.22891773975107,418.22891773975107
2022-01-01,417.61274749442265,416.3276223098652,416.3276223098652,418.8978726789801,418.8978726789801
2022-02-01,418.0569510945076,416.64515712412395,416.64515712412395,419.46874506489127,419.46874506489127
2022-03-01,418.4228810616344,416.89488312654436,416.89488312654436,419.9508789967245,419.9508789967245
2022-04-01,418.47258686331566,416.8366182925701,416.8366182925701,420.1085554340612,420.1085554340612
2022-05-01,417.62465628629764,415.88741461073977,415.88741461073977,419.3618979618555,419.3618979618555
2022-06-01,415.9250424434683,414.09211469963293,414.09211469963293,417.7579701873037,417.7579701873037
2022-07-01,414.5669343620606,412.64307376709013,412.64307376709013,416.490794957031,416.490794957031
2022-08-01,414.7778355877324,412.76715036564997,412.76715036564997,416.7885208098148,416.7885208098148
2022-09-01,416.3157569626756,414.16571323297944,414.16571323297944,418.4658006923718,418.4658006923718
2022-10-01,417.81752859972994,415.5309769800527,415.5309769800527,420.1040802194072,420.1040802194072
2022-11-01,418.77138041447864,416.3560235921258,416.3560235921258,421.1867372368315,421.1867372368315
2022-12-01,419.4624044556273,416.92477192724095,416.92477192724095,422.0000369840136,422.0000369840136
2023-01-01,419.99073997600425,417.33645869494865,417.33645869494865,422.64502125705985,422.64502125705985
2023-02-01,420.43487702789497,417.6688619540387,417.6688619540387,423.20089210175126,423.20089210175126
2023-03-01,420.80077440376976,417.9273670782,417.9273670782,423.6741817293395,423.6741817293395
2023-04-01,420.8505677841918,417.8736398494786,417.8736398494786,423.827495718905,423.827495718905
2023-05-01,420.0026593099044,416.9256916145403,416.9256916145403,423.0796270052685,423.0796270052685
2023-06-01,418.3030102791326,415.1291545060794,415.1291545060794,421.4768660521858,421.4768660521858
2023-07-01,416.94490109527476,413.6770285858914,413.6770285858914,420.21277360465814,420.21277360465814
2023-08-01,417.15580179578853,413.79654279962995,413.79654279962995,420.5150607919471,420.5150607919471
2023-09-01,418.6937230606265,415.20123868348014,415.20123868348014,422.18620743777285,422.18620743777285
2023-10-01,420.1954946677048,416.5702211482818,416.5702211482818,423.8207681871278,423.8207681871278
2023-11-01,421.1493465041475,417.3959788087781,417.3959788087781,424.9027141995169,424.9027141995169
2023-12-01,421.8403705626318,417.9631382994503,417.9631382994503,425.7176028258133,425.7176028258133
2024-01-01,422.3687060926359,418.37144565720405,418.37144565720405,426.3659665280677,426.3659665280677
2024-02-01,422.81284318330523,418.69905515343766,418.69905515343766,426.9266312131728,426.9266312131728
2024-03-01,423.17874057817147,418.9516360229594,418.9516360229594,427.40584513338354,427.40584513338354
2024-04-01,423.2285339075601,418.8910722205008,418.8910722205008,427.56599559461944,427.56599559461944
2024-05-01,422.3806254203931,417.9355455726602,417.9355455726602,426.82570526812594,426.82570526812594
2024-06-01,420.68097641012577,416.1308230260388,416.1308230260388,425.23112979421273,425.23112979421273
2024-07-01,419.32286722691026,414.67001253500274,414.67001253500274,423.9757219188178,423.9757219188178
2024-08-01,419.5337679277301,414.78043039046986,414.78043039046986,424.2871054649903,424.2871054649903
2024-09-01,421.07168919263216,416.18136031691523,416.18136031691523,425.9620180683491,425.9620180683491
2024-10-01,422.5734607997279,417.546010386093,417.546010386093,427.60091121336285,427.60091121336285
2024-11-01,423.527312636158,418.36638260268154,418.36638260268154,428.68824266963446,428.68824266963446
2024-12-01,424.2183366946322,418.9272933231108,418.9272933231108,429.50938006615365,429.50938006615365
2025-01-01,424.7466722246307,419.32863926900905,419.32863926900905,430.1647051802523,430.1647051802523
2025-02-01,425.1908093152775,419.64869579631346,419.64869579631346,430.7329228342415,430.7329228342415
2025-03-01,425.5567067101326,419.8932304449783,419.8932304449783,431.22018297528683,431.22018297528683
2025-04-01,425.6065000395509,419.824207712554,419.824207712554,431.38879236654776,431.38879236654776
2025-05-01,424.75859155239135,418.8598759545913,418.8598759545913,430.6573071501914,430.6573071501914
2025-06-01,423.0589425421121,417.0460574731467,417.0460574731467,429.07182761107754,429.07182761107754
2025-07-01,421.70083335889626,415.5759065837898,415.5759065837898,427.82576013400273,427.82576013400273
2025-08-01,421.9117340597159,415.6767786356841,415.6767786356841,428.1466894837477,428.1466894837477
2025-09-01,423.449655324618,417.07162347859565,417.07162347859565,429.82768717064033,429.82768717064033
2025-10-01,424.95142693171385,418.4299806769297,418.4299806769297,431.472873186498,431.472873186498
2025-11-01,425.90527876814383,419.243504809265,419.243504809265,432.56705272702266,432.56705272702266
2025-12-01,426.59630282661806,419.7970967476442,419.7970967476442,433.3955089055919,433.3955089055919
2026-01-01,427.1246383566165,420.19072356556865,420.19072356556865,434.0585531476644,434.0585531476644
2026-02-01,427.5687754472633,420.5027195916483,420.5027195916483,434.6348313028783,434.6348313028783
2026-03-01,427.9346728421184,420.7389021134314,420.7389021134314,435.1304435708054,435.1304435708054
2026-04-01,427.9844661715367,420.66127783550525,420.66127783550525,435.3076545075682,435.3076545075682
2026-05-01,427.1365576843772,419.68813111025116,419.68813111025116,434.5849842585032,434.5849842585032
2026-06-01,425.43690867409794,417.8653150865317,417.8653150865317,433.00850226166415,433.00850226166415
2026-07-01,424.07879949088215,416.38601062863904,416.38601062863904,431.77158835312525,431.77158835312525
2026-08-01,424.28970019170174,416.4775960262523,416.4775960262523,432.1018043571512,432.1018043571512
2026-09-01,425.8276214566039,417.86568924174645,417.86568924174645,433.7895536714613,433.7895536714613
2026-10-01,427.3293930636996,419.2172037668031,419.2172037668031,435.44158236059616,435.44158236059616
2026-11-01,428.28324490012966,420.02353147995734,420.02353147995734,436.542958320302,436.542958320302
2026-12-01,428.9742689586039,420.56962046041747,420.56962046041747,437.3789174567903,437.3789174567903
2027-01-01,429.50260448860234,420.955478248002,420.955478248002,438.0497307292027,438.0497307292027
2027-02-01,429.94674157924914,421.2594740245199,421.2594740245199,438.6340091339784,438.6340091339784
2027-03-01,430.31263897410423,421.4874552274538,421.4874552274538,439.1378227207547,439.1378227207547
2027-04-01,430.36243230352255,421.40145474765086,421.40145474765086,439.32340985939425,439.32340985939425
2027-05-01,429.514523816363,420.41977976545485,420.41977976545485,438.60926786727117,438.60926786727117
2027-06-01,427.81487480608376,418.58830339812386,418.58830339812386,437.0414462140437,437.0414462140437
2027-07-01,426.456765622868,417.10022403213225,417.10022403213225,435.8133072136037,435.8133072136037
2027-08-01,426.66766632368757,417.182935377649,417.182935377649,436.1523972697261,436.1523972697261
2027-09-01,428.2055875885897,418.5641387385936,418.5641387385936,437.8470364385858,437.8470364385858
2027-10-01,429.70735919568546,419.908720729828,419.908720729828,439.5059976615429,439.5059976615429
2027-11-01,430.6612110321155,420.7078650800215,420.7078650800215,440.61455698420946,440.61455698420946
2027-12-01,431.3522350905897,421.2465497848052,421.2465497848052,441.4579203963742,441.4579203963742
2028-01-01,431.8805706205882,421.62480856421064,421.62480856421064,442.1363326769657,442.1363326769657
2028-02-01,432.32470771123496,421.92103359030455,421.92103359030455,442.7283818321654,442.7283818321654
2028-03-01,432.69060510609006,422.1410925546969,422.1410925546969,443.2401176574832,443.2401176574832
2028-04-01,432.7403984355084,422.0470362453698,422.0470362453698,443.433760625647,443.433760625647
2028-05-01,431.89248994834884,421.0571877012045,421.0571877012045,442.7277921954932,442.7277921954932
2028-06-01,430.1928409380696,419.2174341280962,419.2174341280962,441.168247748043,441.168247748043
2028-07-01,428.8347317548538,417.7209864590564,417.7209864590564,439.9484770506512,439.9484770506512
2028-08-01,429.0456324556734,417.7952496026554,417.7952496026554,440.2960153086914,440.2960153086914
2028-09-01,430.58355372057554,419.1696236109557,419.1696236109557,441.9974838301954,441.9974838301954
2028-10-01,432.0853253276713,420.507356621511,420.507356621511,443.66329403383156,443.66329403383156
2028-11-01,433.0391771641013,421.29946174274806,421.29946174274806,444.77889258545457,444.77889258545457
2028-12-01,433.73020122257554,421.8309375063663,421.8309375063663,445.6294649387848,445.6294649387848
2029-01-01,434.258536752574,422.20183588536213,422.20183588536213,446.3152376197859,446.3152376197859
2029-02-01,434.7026738432208,422.4905653186882,422.4905653186882,446.9147823677534,446.9147823677534
2029-03-01,435.0685712380759,422.70300803098763,422.70300803098763,447.43413444516415,447.43413444516415
2029-04-01,435.1183645674942,422.6012278245314,422.6012278245314,447.635501310457,447.635501310457
2029-05-01,434.27045608033467,421.6035594179487,421.6035594179487,446.93735274272063,446.93735274272063
2029-06-01,432.5708070700554,419.755900520687,419.755900520687,445.3857136194238,445.3857136194238
2029-07-01,431.21269788683963,418.25147152973074,418.25147152973074,444.17392424394853,444.17392424394853
2029-08-01,431.4235985876592,418.3176858963147,418.3176858963147,444.52951127900377,444.52951127900377
2029-09-01,432.96151985256137,419.68537000504665,419.68537000504665,446.2376697000761,446.2376697000761
2029-10-01,434.4632914596571,421.0164054916528,421.0164054916528,447.91017742766144,447.91017742766144
2029-11-01,435.41714329608715,421.80166204497624,421.80166204497624,449.03262454719805,449.03262454719805
2029-12-01,436.1081673545614,422.32615309095706,422.32615309095706,449.8901816181657,449.8901816181657
2030-01-01,436.63650288455983,422.6899440034224,422.6899440034224,450.58306176569727,450.58306176569727
2030-02-01,437.0806399752066,422.97145530394107,422.97145530394107,451.1898246464722,451.1898246464722
2030-03-01,437.4465373700617,423.17658013288974,423.17658013288974,451.7164946072337,451.7164946072337
2030-04-01,437.49633069948004,423.0673921725628,423.0673921725628,451.9252692263973,451.9252692263973
2030-05-01,436.6484222123205,422.0622350999734,422.0622350999734,451.2346093246676,451.2346093246676
2030-06-01,434.94877320204125,420.2070147608247,420.2070147608247,449.6905316432578,449.6905316432578
2030-07-01,433.59066401882546,418.694958953293,418.694958953293,448.48636908435793,448.48636908435793
2030-08-01,433.80156471964506,418.75348787112966,418.75348787112966,448.84964156816045,448.84964156816045
2030-09-01,435.3394859845472,420.1146511767302,420.1146511767302,450.5643207923642,450.5643207923642
2030-10-01,436.84125759164294,421.43916485296853,421.43916485296853,452.24335033031736,452.24335033031736
2030-11-01,437.795109428073,422.217775685223,422.217775685223,453.37244317092296,453.37244317092296
2030-12-01,438.4861334865472,422.73550834525395,422.73550834525395,454.23675862784046,454.23675862784046
2031-01-01,439.01446901654566,423.0924384253508,423.0924384253508,454.93649960774053,454.93649960774053
2031-02-01,439.45860610719245,423.36699574799127,423.36699574799127,455.55021646639364,455.55021646639364
2031-03-01,439.82450350204755,423.5650819330692,423.5650819330692,456.0839250710259,456.0839250710259
2031-04-01,439.87429683146587,423.4487784054568,423.4487784054568,456.29981525747496,456.29981525747496
2031-05-01,439.0263883443063,422.4364359221753,422.4364359221753,455.61634076643736,455.61634076643736
2031-06-01,437.3267393340271,420.57396681202613,420.57396681202613,454.07951185602803,454.07951185602803
2031-07-01,435.9686301508113,419.05460481748815,419.05460481748815,452.88265548413443,452.88265548413443
2031-08-01,436.1795308516309,419.10577558936905,419.10577558936905,453.2532861138927,453.2532861138927
2031-09-01,437.717452116533,420.4605950063483,420.4605950063483,454.97430922671776,454.97430922671776
2031-10-01,439.2192237236288,421.77876756094287,421.77876756094287,456.6596798863147,456.6596798863147
2031-11-01,440.1730755600588,422.55093309656144,422.55093309656144,457.7952180235562,457.7952180235562
2031-12-01,440.86409961853303,423.0621250413962,423.0621250413962,458.66607419566986,458.66607419566986
2032-01-01,441.3924351485315,423.41242700931605,423.41242700931605,459.37244328774693,459.37244328774693
2032-02-01,441.8365722391783,423.6802761816812,423.6802761816812,459.99286829667534,459.99286829667534
2032-03-01,442.2024696340334,423.8715809384815,423.8715809384815,460.53335832958527,460.53335832958527
2032-04-01,442.2522629634517,423.748428922639,423.748428922639,460.7560970042644,460.7560970042644
2032-05-01,441.40435447629216,422.72917661767,422.72917661767,460.0795323349143,460.0795323349143
2032-06-01,439.7047054660129,420.85974163234306,420.85974163234306,458.54966929968276,458.54966929968276
2032-07-01,438.3465962827971,419.33336258281315,419.33336258281315,457.3598299827811,457.3598299827811
2032-08-01,438.5574969836167,419.37746962329726,419.37746962329726,457.7375243439362,457.7375243439362
2032-09-01,440.09541824851885,420.7261199060179,420.7261199060179,459.4647165910198,459.4647165910198
2032-10-01,441.5971898556146,422.0381282766143,422.0381282766143,461.1562514346149,461.1562514346149
2032-11-01,442.55104169204463,422.80404036471816,422.80404036471816,462.2980430193711,462.2980430193711
2032-12-01,443.24206575051886,423.30889658473535,423.30889658473535,463.1752349163024,463.1752349163024
2033-01-01,443.7704012805173,423.65278699447305,423.65278699447305,463.8880155665616,463.8880155665616
2033-02-01,444.2145383711641,423.914154726209,423.914154726209,464.5149220161192,464.5149220161192
2033-03-01,444.5804357660192,424.098913661872,424.098913661872,465.0619578701664,465.0619578701664
2033-04-01,444.6302290954375,423.9691565368074,423.9691565368074,465.29130165406764,465.29130165406764
2033-05-01,443.782320608278,422.94324455286494,422.94324455286494,464.62139666369103,464.62139666369103
2033-06-01,442.08267159799874,421.06709969491897,421.06709969491897,463.0982435010785,463.0982435010785
2033-07-01,440.72456241478295,419.5339646417103,419.5339646417103,461.9151601878556,461.9151601878556
2033-08-01,440.93546311560254,419.57127332242555,419.57127332242555,462.29965290877954,462.29965290877954
2033-09-01,442.4733843805047,420.9139225569146,420.9139225569146,464.03284620409477,464.03284620409477
2033-10-01,443.97515598760043,422.219936082587,422.219936082587,465.73037589261384,465.73037589261384
2033-11-01,444.92900782403046,422.9797756709884,422.9797756709884,466.87823997707255,466.87823997707255
2033-12-01,445.6200318825047,423.47848742190337,423.47848742190337,467.761576343106,467.761576343106
2034-01-01,446.14836741250315,423.81616666798556,423.81616666798556,468.48056815702074,468.48056815702074
2034-02-01,446.59250450314994,424.07126144051955,424.07126144051955,469.11374756578033,469.11374756578033
2034-03-01,446.95840189800504,424.24969017587676,424.24969017587676,469.6671136201333,469.6671136201333
2034-04-01,447.00819522742336,424.1135498475235,424.1135498475235,469.90284060732324,469.90284060732324
2034-05-01,446.1602867402638,423.0812056046548,423.0812056046548,469.2393678758728,469.2393678758728
2034-06-01,444.46063772998457,421.19858311186067,421.19858311186067,467.72269234810847,467.72269234810847
2034-07-01,443.1025285467688,419.6589284809678,419.6589284809678,466.54612861256976,466.54612861256976
2034-08-01,443.3134292475884,419.68967884669826,419.68967884669826,466.9371796484785,466.9371796484785
2034-09-01,444.8513505124905,421.0264865849356,421.0264865849356,468.67621444004544,468.67621444004544
2034-10-01,446.35312211958626,422.3266655087009,422.3266655087009,470.3795787304716,470.3795787304716
2034-11-01,447.3069739560163,423.0806020984104,423.0806020984104,471.5333458136222,471.5333458136222
2034-12-01,447.9979980144905,423.5733471573904,423.5733471573904,472.42264887159064,472.42264887159064
2035-01-01,448.526333544489,423.9050004043139,423.9050004043139,473.14766668466405,473.14766668466405
2035-02-01,448.97047063513577,424.15401396405304,424.15401396405304,473.7869273062185,473.7869273062185
2035-03-01,449.33636802999087,424.3263100969118,424.3263100969118,474.3464259630699,474.3464259630699
2035-04-01,449.3861613594092,424.18398935134184,424.18398935134184,474.58833336747654,474.58833336747654
2035-05-01,448.53825287224964,423.14542022143144,423.14542022143144,473.93108552306785,473.93108552306785
2035-06-01,446.8386038619704,421.2565315037621,421.2565315037621,472.4206762201787,472.4206762201787
2035-07-01,445.4804946787546,419.7105722449459,419.7105722449459,471.2504171125633,471.2504171125633
2035-08-01,445.6913953795742,419.7349823316259,419.7349823316259,471.64780842752253,471.64780842752253
2035-09-01,447.22931664447634,421.06609903404257,421.06609903404257,473.3925342549101,473.3925342549101
2035-10-01,448.7310882515721,422.3605941597274,422.3605941597274,475.1015823434168,475.1015823434168
2035-11-01,449.6849400880021,423.10878608549245,423.10878608549245,476.2610940905118,476.2610940905118
2035-12-01,450.37596414647635,423.59572956045736,423.59572956045736,477.15619873249534,477.15619873249534
2036-01-01,450.9042996764748,423.9215279989895,423.9215279989895,477.8870713539601,477.8870713539601
2036-02-01,451.3484367671216,424.16463699011473,424.16463699011473,478.53223654412847,478.53223654412847
2036-03-01,451.7143341619767,424.3309820437006,424.3309820437006,479.0976862802528,479.0976862802528
2036-04-01,451.764127491395,424.1826667586747,424.1826667586747,479.3455882241153,479.3455882241153
2036-05-01,450.9162190042355,423.13806249471,423.13806249471,478.6943755137609,478.6943755137609
2036-06-01,449.2165699939562,421.24310074209757,421.24310074209757,477.1900392458149,477.1900392458149
2036-07-01,447.85846081074044,419.6910330812313,419.6910330812313,476.0258885402496,476.0258885402496
2036-08-01,448.06936151156003,419.70930178358316,419.70930178358316,476.4294212395369,476.4294212395369
2036-09-01,449.60728277646217,421.0348689103719,421.0348689103719,478.1796966425524,478.1796966425524
2036-10-01,451.1090543835579,422.32382182319185,422.32382182319185,479.894286943924,479.894286943924
2036-11-01,452.06290621998795,423.06641689845856,423.06641689845856,481.05939554151735,481.05939554151735
2036-12-01,452.7539302784622,423.5477122351623,423.5477122351623,481.96014832176206,481.96014832176206
2037-01-01,453.28226580846064,423.86781439742833,423.86781439742833,482.69671721949294,482.69671721949294
2037-02-01,453.7264028991074,424.10518193792507,424.10518193792507,483.3476238602898,483.3476238602898
2037-03-01,454.0923002939625,424.265743156901,424.265743156901,483.91885743102404,483.91885743102404
2037-04-01,454.14209362338084,424.1116042822195,424.1116042822195,484.1725829645422,484.1725829645422
2037-05-01,453.2941851362213,423.06113915192105,423.06113915192105,483.52723112052155,483.52723112052155
2037-06-01,451.59453612594206,421.16028159411707,421.16028159411707,482.02879065776705,482.02879065776705
2037-07-01,450.23642694272627,419.6022853957181,419.6022853957181,480.8705684897344,480.8705684897344
2037-08-01,450.44732764354586,419.61459491193744,419.61459491193744,481.2800603751543,481.2800603751543
2037-09-01,451.985248908448,420.93474532640766,420.93474532640766,483.03575249048833,483.03575249048833
2037-10-01,453.48702051554375,422.2182888765264,422.2182888765264,484.7557521545611,484.7557521545611
2037-11-01,454.4408723519738,422.955425175104,422.955425175104,485.9263195288436,485.9263195288436
2037-12-01,455.131896410448,423.43121519470697,423.43121519470697,486.83257762618905,486.83257762618905
2038-01-01,455.66023194044647,423.7457682107108,423.7457682107108,487.5746956701821,487.5746956701821
2038-02-01,456.10436903109326,423.9775453354462,423.9775453354462,488.2311927267403,488.2311927267403
2038-03-01,456.47026642594835,424.1324772871441,424.1324772871441,488.8080555647526,488.8080555647526
2038-04-01,456.5200597553667,423.97267257912256,423.97267257912256,489.0674469316108,489.0674469316108
2038-05-01,455.67215126820713,422.91650721080964,422.91650721080964,488.4277953256046,488.4277953256046
2038-06-01,453.9725022579279,421.0099170554688,421.0099170554688,486.93508746038697,486.93508746038697
2038-07-01,452.6143930747121,419.44615783617945,419.44615783617945,485.78262831324474,485.78262831324474
2038-08-01,452.8252937755317,419.45267574206105,419.45267574206105,486.19791180900233,486.19791180900233
2038-09-01,454.36321504043383,420.767534250495,420.767534250495,487.9588958303727,487.9588958303727
2038-10-01,455.8649866475296,422.0457931438004,422.0457931438004,489.6841801512588,489.6841801512588
2038-11-01,456.8188384839596,422.777599805764,422.777599805764,490.8600771621552,490.8600771621552
2038-12-01,457.50986254243384,423.2480176964673,423.2480176964673,491.7717073884004,491.7717073884004
2039-01-01,458.0381980724323,423.55715844552594,423.55715844552594,492.51923769933865,492.51923769933865
2039-02-01,458.4823351630791,423.7834853945999,423.7834853945999,493.1811849315583,493.1811849315583
2039-03-01,458.8482325579342,423.932931374088,423.932931374088,493.76353374178035,493.76353374178035
2039-04-01,458.8980258873525,423.7676068995025,423.7676068995025,494.0284448752025,494.0284448752025
2039-05-01,458.05011740019296,422.70588986916465,422.70588986916465,493.39434493122127,493.39434493122127
2039-06-01,456.3504683899137,420.79371795812966,420.79371795812966,491.90721882169777,491.90721882169777
2039-07-01,454.9923592066979,419.2243485999318,419.2243485999318,490.7603698134641,490.7603698134641
2039-08-01,455.2032599075175,419.225229608168,419.225229608168,491.18129020686706,491.18129020686706
2039-09-01,456.74118117241966,420.53491354404156,420.53491354404156,492.94744880079776,492.94744880079776
2039-10-01,458.2429527795154,421.80800495928605,421.80800495928605,494.67790059974476,494.67790059974476
2039-11-01,459.19680461594544,422.5346029670002,422.5346029670002,495.8590062648907,495.8590062648907
2039-12-01,459.88782867441967,422.9997731979784,422.9997731979784,496.7758841508609,496.7758841508609
2040-01-01,460.4161642044181,423.3036293419475,423.3036293419475,497.52869906688875,497.52869906688875
2040-02-01,460.8603012950649,423.5246366966788,423.5246366966788,498.19596589345105,498.19596589345105
2040-03-01,461.22619868992,423.6687299508227,423.6687299508227,498.7836674290173,498.7836674290173
2040-04-01,461.27599201933833,423.49802138600023,423.49802138600023,499.05396265267643,499.05396265267643
2040-05-01,460.4280835321788,422.43089057982445,422.43089057982445,498.42527648453313,498.42527648453313
2040-06-01,458.72843452189954,420.51327680479204,420.51327680479204,496.94359223900705,496.94359223900705
2040-07-01,457.37032533868376,418.93843901466215,418.93843901466215,495.80221166270536,495.80221166270536
2040-08-01,457.58122603950335,418.9338264703624,418.9338264703624,496.2286256086443,496.2286256086443
2040-09-01,459.1191473044055,420.2384462750746,420.2384462750746,497.9998483337364,497.9998483337364
2040-10-01,460.62091891150124,421.5064804661848,421.5064804661848,499.73535735681764,499.73535735681764
2040-11-01,461.57477074793127,422.2279833663333,422.2279833663333,500.9215581295292,500.9215581295292
2040-12-01,462.2657948064055,422.68802251420965,422.68802251420965,501.84356709860134,501.84356709860134
2041-01-01,462.79413033640395,422.9867134147657,422.9867134147657,502.6015472580422,502.6015472580422
2041-02-01,463.23826742705074,423.20252309360086,423.20252309360086,503.2740117605006,503.2740117605006
2041-03-01,463.60416482190584,423.3413878847199,423.3413878847199,503.8669417590918,503.8669417590918
2041-04-01,463.65395815132416,423.1654216372215,423.1654216372215,504.1424946654268,504.1424946654268
2041-05-01,462.8060496641646,422.09300542261894,422.09300542261894,503.5190939057103,503.5190939057103
2041-06-01,461.1064006538854,420.1700799377519,420.1700799377519,502.04272137001885,502.04272137001885
2041-07-01,459.7482914706696,418.5899054949286,418.5899054949286,500.9066774464106,500.9066774464106
2041-08-01,459.9591921714892,418.57993265135286,418.57993265135286,501.3384516916255,501.3384516916255
2041-09-01,461.4971134363913,419.8795924275425,419.8795924275425,503.11463444524014,503.11463444524014
2041-10-01,462.99888504348706,421.14267329122015,421.14267329122015,504.855096795754,504.855096795754
2041-11-01,463.9527368799171,421.8591878542144,421.8591878542144,506.0462859056198,506.0462859056198
2041-12-01,464.6437609383913,422.31420534294637,422.31420534294637,506.9733165338363,506.9733165338363
2042-01-01,465.1720964683898,422.6078428717802,422.6078428717802,507.7363500649994,507.7363500649994
2042-02-01,465.6162335590366,422.8185690016671,422.8185690016671,508.4138981164061,508.4138981164061
2042-03-01,465.98213095389167,422.9523215318904,422.9523215318904,509.01194037589295,509.01194037589295
2042-04-01,466.03192428331,422.77121571049094,422.77121571049094,509.29263285612905,509.29263285612905
2042-05-01,465.18401579615045,421.6936339450904,421.6936339450904,508.67439764721047,508.67439764721047
2042-06-01,463.4843667858712,419.7655182090904,419.7655182090904,507.20321536265203,507.20321536265203
2042-07-01,462.1262576026554,418.1801300348993,418.1801300348993,506.0723851704115,506.0723851704115
2042-08-01,462.337158303475,418.16492114625294,418.16492114625294,506.5093954606971,506.5093954606971
2042-09-01,463.87507956837715,419.45971917283254,419.45971917283254,508.29043996392176,508.29043996392176
2042-10-01,465.3768511754729,420.71794477309436,420.71794477309436,510.0357575778514,510.0357575778514
2042-11-01,466.3307030119029,421.4295715891125,421.4295715891125,511.2318344346933,511.2318344346933
2042-12-01,467.02172707037715,421.8796703489895,421.8796703489895,512.1637837917648,512.1637837917648
2043-01-01,467.5500626003756,422.1683596020607,422.1683596020607,512.9317655986905,512.9317655986905
2043-02-01,467.9941996910224,422.37410928101167,422.37410928101167,513.6142901010331,513.6142901010331
2043-03-01,468.3600970858775,422.5028584968844,422.5028584968844,514.2173356748706,514.2173356748706
2043-04-01,468.4098904152958,422.3167237525667,422.3167237525667,514.5030570780249,514.5030570780249
2043-05-01,467.5619819281363,421.23408865649685,421.23408865649685,513.8898751997757,513.8898751997757
2043-06-01,465.86233291785703,419.3008963315731,419.3008963315731,512.423769504141,512.423769504141
2043-07-01,464.50422373464124,417.71040941093094,417.71040941093094,511.29803805835155,511.29803805835155
2043-08-01,464.71512443546084,417.6900806726618,417.6900806726618,511.7401681982599,511.7401681982599
2043-09-01,466.253045700363,418.9801098778045,418.9801098778045,513.5259815229215,513.5259815229215
2043-10-01,467.7548173074587,420.2335729252991,420.2335729252991,515.2760616896184,515.2760616896184
2043-11-01,468.70866914388876,420.94040694005577,420.94040694005577,516.4769313477218,516.4769313477218
2043-12-01,469.399693202363,421.38568399339,421.38568399339,517.413702411336,517.413702411336
2044-01-01,469.92802873236144,421.6695239206234,421.6695239206234,518.1865335440995,518.1865335440995
2044-02-01,470.37216582300823,421.8703978860583,421.8703978860583,518.8739337599582,518.8739337599582
2044-03-01,470.7380632178633,421.99424618067445,421.99424618067445,519.4818802550523,519.4818802550523
2044-04-01,470.78785654728165,421.80318643815315,421.80318643815315,519.7725266564102,519.7725266564102
2044-05-01,469.9399480601221,420.7156033509708,420.7156033509708,519.1642927692734,519.1642927692734
2044-06-01,468.24029904984286,418.77744108156134,418.77744108156134,517.7031570181243,517.7031570181243
2044-07-01,466.8821898666271,417.18196326021905,417.18196326021905,516.5824164730351,516.5824164730351
2044-08-01,467.09309056744667,417.15662362181894,417.15662362181894,517.0295575130745,517.0295575130745
2044-09-01,468.6310118323488,418.44197201393905,418.44197201393905,518.8200516507585,518.8200516507585
2044-10-01,470.13278343944455,419.6907603011197,419.6907603011197,520.5748065777694,520.5748065777694
2044-11-01,471.0866352758746,420.39289129616174,420.39289129616174,521.7803792555874,521.7803792555874
2044-12-01,471.7776593343488,420.83343827764753,420.83343827764753,522.72188039105,522.72188039105
2045-01-01,472.30599486434727,421.1125222387535,421.1125222387535,523.499467489941,523.499467489941
2045-02-01,472.75013195499406,421.3086154545953,421.3086154545953,524.1916484553927,524.1916484553927
2045-03-01,473.11602934984916,421.4276592821621,421.4276592821621,524.8043994175362,524.8043994175362
2045-04-01,473.1658226792675,421.2317723784529,421.2317723784529,525.0998729800821,525.0998729800821
2045-05-01,472.31791419210793,420.1393404185664,420.1393404185664,524.4964879656495,524.4964879656495
2045-06-01,470.6182651818287,418.1963085087502,418.1963085087502,523.0402218549073,523.0402218549073
2045-07-01,469.2601559986129,416.59594118608686,416.59594118608686,521.9243708111389,521.9243708111389
2045-08-01,469.4710566994325,416.5656930568983,416.5656930568983,522.3764203419667,522.3764203419667
2045-09-01,471.00897796433463,417.8464441156197,417.8464441156197,524.1715118130496,524.1715118130496
2045-10-01,472.5107495714304,419.09064091045354,419.09064091045354,525.9308582324072,525.9308582324072
2045-11-01,473.4646014078604,419.788153933336,419.788153933336,527.1410488823848,527.1410488823848
2045-12-01,474.15562546633464,420.224057552726,420.224057552726,528.0871933799433,528.0871933799433
2046-01-01,474.6839609963331,420.4984738087569,420.4984738087569,528.8694481839093,528.8694481839093
2046-02-01,475.1280980869799,420.6898759825633,420.6898759825633,529.5663201913965,529.5663201913965
2046-03-01,475.493995481835,420.80420639808926,420.80420639808926,530.1837845655807,530.1837845655807
2046-04-01,475.5437888112533,420.60358464199857,420.60358464199857,530.4839929805081,530.4839929805081
2046-05-01,474.69588032409376,419.5063972834436,419.5063972834436,529.8853633647439,529.8853633647439
2046-06-01,472.9962313138145,417.55859028870566,417.55859028870566,528.4338723389234,528.4338723389234
2046-07-01,471.63812213059873,415.9534290223872,415.9534290223872,527.3228152388102,527.3228152388102
2046-08-01,471.8490228314183,415.91836888724134,415.91836888724134,527.7796767755954,527.7796767755954
2046-09-01,473.38694409632046,417.1946019172623,417.1946019172623,529.5792862753786,529.5792862753786
2046-10-01,474.8887157034162,418.43428631884217,418.43428631884217,531.3431450879903,531.3431450879903
2046-11-01,475.84256753984624,419.12726206850675,419.12726206850675,532.5578730111857,532.5578730111857
2046-12-01,476.53359159832047,419.55860452261464,419.55860452261464,533.5085786740262,533.5085786740262
2047-01-01,477.0619271283189,419.8284366717136,419.8284366717136,534.2954175849243,534.2954175849243
2047-02-01,477.5060642189657,420.0152327115346,420.0152327115346,534.9968957263968,534.9968957263968
2047-03-01,477.8719616138208,420.12493584638133,420.12493584638133,535.6189873812604,535.6189873812604
2047-04-01,477.92175494323914,419.9196665105386,419.9196665105386,535.9238433759397,535.9238433759397
2047-05-01,477.0738464560796,418.81781208946387,418.81781208946387,535.3298808226953,535.3298808226953
2047-06-01,475.37419744580035,416.8653193357766,416.8653193357766,533.8830755558241,533.8830755558241
2047-07-01,474.01608826258456,415.25545437173173,415.25545437173173,532.7767221534374,532.7767221534374
2047-08-01,474.22698896340415,415.2156733302616,415.2156733302616,533.2383045965466,533.2383045965466
2047-09-01,475.7649102283063,416.4874637813582,416.4874637813582,535.0423566752544,535.0423566752544
2047-10-01,477.26668183540204,417.7227110409694,417.7227110409694,536.8106526298346,536.8106526298346
2047-11-01,478.2205336718321,418.41122621332954,418.41122621332954,538.0298411303346,538.0298411303346
2047-12-01,478.9115577303063,418.83808555361986,418.83808555361986,538.9850299069927,538.9850299069927
2048-01-01,479.43989326030476,419.1034129183047,419.1034129183047,539.7763736023048,539.7763736023048
2048-02-01,479.88403035095155,419.2856833375387,419.2856833375387,540.4823773643643,540.4823773643643
2048-03-01,480.24992774580664,419.39084081989694,419.39084081989694,541.1090146717164,541.1090146717164
2048-04-01,480.29972107522497,419.1810065750584,419.1810065750584,541.4184355753915,541.4184355753915
2048-05-01,479.4518125880654,418.07456873620845,418.07456873620845,540.8290564399224,540.8290564399224
2048-06-01,477.7521635777862,416.11747477718006,416.11747477718006,539.3868523783923,539.3868523783923
2048-07-01,476.3940543945704,414.5029915160222,414.5029915160222,538.2851172731185,538.2851172731185
2048-08-01,476.60495509539,414.45857575707987,414.45857575707987,538.7513344337001,538.7513344337001
2048-09-01,478.1428763602921,415.7259955135038,415.7259955135038,540.5597572070805,540.5597572070805
2048-10-01,479.64464796738787,416.95687732461556,416.95687732461556,542.3324186101602,542.3324186101602
2048-11-01,480.5984998038179,417.6410049229106,417.6410049229106,543.5559946847252,543.5559946847252
2048-12-01,481.2895238622921,418.06345538418645,418.06345538418645,544.5155923403978,544.5155923403978
2049-01-01,481.8178593922906,418.3243533565018,418.3243533565018,545.3113654280794,545.3113654280794
2049-02-01,482.2619964829374,418.50217463378704,418.50217463378704,546.0218183320877,546.0218183320877
2049-03-01,482.6278938777925,418.60286396171955,418.60286396171955,546.6529237938654,546.6529237938654
2049-04-01,482.6776872072108,418.3885432614973,418.3885432614973,546.9668311529243,546.9668311529243
2049-05-01,481.82977872005125,417.27760135327827,417.27760135327827,546.3819560868242,546.3819560868242
2049-06-01,480.130129709772,415.31598637431046,415.31598637431046,544.9442730452336,544.9442730452336
2049-07-01,478.7720205265562,413.69696578344076,413.69696578344076,543.8470752696717,543.8470752696717
2049-08-01,478.9829212273758,413.6479970040887,413.6479970040887,544.317845450663,544.317845450663
2049-09-01,480.52084249227795,414.91111464646553,414.91111464646553,546.1305703380904,546.1305703380904
2049-10-01,482.0226140993737,416.1376994068989,416.1376994068989,547.9075287918486,547.9075287918486
2049-11-01,482.97646593580373,416.8175090209023,416.8175090209023,549.1354228507051,549.1354228507051
2049-12-01,483.66748999427796,417.2356213159028,417.2356213159028,550.0993586726531,550.0993586726531
2050-01-01,484.1958255242764,417.4921616658796,417.4921616658796,550.8994893826732,550.8994893826732
2050-02-01,484.6399626149232,417.6656065660063,417.6656065660063,551.6143186638401,551.6143186638401
2050-03-01,485.0058600097783,417.7619014395083,417.7619014395083,552.2498185800483,552.2498185800483
2050-04-01,485.0556533391966,417.5431688623735,417.5431688623735,552.5681378160198,552.5681378160198
2050-05-01,484.2077448520371,416.42779828768516,416.42779828768516,551.987691416389,551.987691416389
2050-06-01,482.50809584175784,414.46173846460437,414.46173846460437,550.5544532189114,550.5544532189114
2050-07-01,481.14998665854205,412.8382574436909,412.8382574436909,549.4617158733931,549.4617158733931
2050-08-01,481.36088735936164,412.78481322065016,412.78481322065016,549.9369614980732,549.9369614980732
2050-09-01,482.8988086242638,414.04369426325144,414.04369426325144,551.7539229852761,551.7539229852761
2050-10-01,484.4005802313595,415.2660473124997,415.2660473124997,553.5351131502193,553.5351131502193
2050-11-01,485.35443206778956,415.94160537019906,415.94160537019906,554.7672587653801,554.7672587653801
2050-12-01,486.0454561262638,416.3554469542845,416.3554469542845,555.7354652982431,555.7354652982431
2051-01-01,486.57379165626224,416.6076981063764,416.6076981063764,556.539885206148,556.539885206148
2051-02-01,487.01792874690904,416.7768359673103,416.7768359673103,557.2590215265077,557.2590215265077
2051-03-01,487.38382614176413,416.8688065848427,416.8688065848427,557.8988456986856,557.8988456986856
2051-04-01,487.43361947118245,416.6457331391706,416.6457331391706,558.2215058031943,558.2215058031943
2051-05-01,486.5857109840229,415.52600566803767,415.52600566803767,557.6454163000082,557.6454163000082
2051-06-01,484.88606197374367,413.5555734864547,413.5555734864547,556.2165504610326,556.2165504610326
2051-07-01,483.5279527905279,411.92770519272614,411.92770519272614,555.1282003883296,555.1282003883296
2051-08-01,483.73885349134747,411.86985931286745,411.86985931286745,555.6078476698275,555.6078476698275
2051-09-01,485.2767747562496,413.12456641886877,413.12456641886877,557.4289830936304,557.4289830936304
2051-10-01,486.77854636334536,414.34275025325474,414.34275025325474,559.214342473436,559.214342473436
2051-11-01,487.7323981997754,415.01412024818734,415.01412024818734,560.4506761513634,560.4506761513634
2051-12-01,488.4234222582496,415.4237555577351,415.4237555577351,561.4230889587641,561.4230889587641
2052-01-01,488.9517577882481,415.6717828392349,415.6717828392349,562.2317327372613,562.2317327372613
2052-02-01,489.39589487889486,415.83667982959054,415.83667982959054,562.9551099281992,562.9551099281992
2052-03-01,489.76179227374996,415.92439315371325,415.92439315371325,563.5991913937867,563.5991913937867
2052-04-01,489.8115856031683,415.6970465507435,415.6970465507435,563.9261246555931,563.9261246555931
2052-05-01,488.96367711600874,414.57303059982905,414.57303059982905,563.3543236321884,563.3543236321884
2052-06-01,487.2640281057295,412.59829514048783,412.59829514048783,561.9297610709712,561.9297610709712
2052-07-01,485.9059189225137,410.9661092792495,410.9661092792495,560.8457285657779,560.8457285657779
2052-08-01,486.1168196233333,410.9039320346575,410.9039320346575,561.3297072120091,561.3297072120091
2052-09-01,487.65474088823544,412.15452521172995,412.15452521172995,563.1549565647409,563.1549565647409
2052-10-01,489.1565124953312,413.36859967979785,413.36859967979785,564.9444253108645,564.9444253108645
2052-11-01,490.1103643317612,414.03584237683265,414.03584237683265,566.1848862866898,566.1848862866898
2052-12-01,490.80138839023545,414.4413330444793,414.4413330444793,567.1614437359916,567.1614437359916
2053-01-01,491.3297239202339,414.6851989093567,414.6851989093567,567.9742489311111,567.9742489311111
2053-02-01,491.7738610108807,414.8459182600245,414.8459182600245,568.7018037617369,568.7018037617369
2053-03-01,492.1397584057358,414.92943825606255,414.92943825606255,569.350078555409,569.350078555409
2053-04-01,492.1895517351541,414.69788315490564,414.69788315490564,569.6812203154026,569.6812203154026
2053-05-01,491.34164324799457,413.56964403820757,413.56964403820757,569.1136424577816,569.1136424577816
2053-06-01,489.6419942377153,411.5906712327661,411.5906712327661,567.6933172426645,567.6933172426645
2053-07-01,488.28388505449954,409.95423431770183,409.95423431770183,566.6135357912972,566.6135357912972
2053-08-01,488.4947857553191,409.8877927699726,409.8877927699726,567.1017787406657,567.1017787406657
2053-09-01,490.03270702022127,411.1343295483032,411.1343295483032,568.9310844921393,568.9310844921393
2053-10-01,491.534478627317,412.34435202857486,412.34435202857486,570.7246052260591,570.7246052260591
2053-11-01,492.48833046374705,413.0075256505827,413.0075256505827,571.9691352769114,571.9691352769114
2053-12-01,493.1793545222213,413.408930700031,413.408930700031,572.9497783444115,572.9497783444115
2054-01-01,493.70769005221973,413.64869493115054,413.64869493115054,573.7666851732889,573.7666851732889
2054-02-01,494.1518271428665,413.805297144248,413.805297144248,574.498357141485,574.498357141485
2054-03-01,494.5177245377216,413.8846849953453,413.8846849953453,575.1507640800979,575.1507640800979
2054-04-01,494.56751786713994,413.6489832235495,413.6489832235495,575.4860525107304,575.4860525107304
2054-05-01,493.7196093799804,412.51658337793117,412.51658337793117,574.9226353820296,574.9226353820296
2054-06-01,492.01996036970115,410.53343623894216,410.53343623894216,573.5064845004601,573.5064845004601
2054-07-01,490.66185118648536,408.8928118260665,408.8928118260665,572.4308905469043,572.4308905469043
2054-08-01,490.87275188730496,408.8221700437855,408.8221700437855,572.9233337308244,572.9233337308244
2054-09-01,492.4106731522071,410.0647056383865,410.0647056383865,574.7566406660277,574.7566406660277
2054-10-01,493.91244475930284,411.27073120136964,411.27073120136964,576.554158317236,576.554158317236
2054-11-01,494.8662965957329,411.92989159891766,411.92989159891766,577.802701592548,577.802701592548
2054-12-01,495.5573206542071,412.32726762166345,412.32726762166345,578.7873736867507,578.7873736867507
2055-01-01,496.08565618420556,412.562987513932,412.562987513932,579.6083248544792,579.6083248544792
2055-02-01,496.52979327485235,412.71553055180163,412.71553055180163,580.3440559979031,580.3440559979031
2055-03-01,496.89569066970745,412.7908448532336,412.7908448532336,581.0005364861813,581.0005364861813
2055-04-01,496.94548399912577,412.551055605913,412.551055605913,581.3399123923385,581.3399123923385
2055-05-01,496.0975755119662,411.4145547945792,411.4145547945792,580.7805962293533,580.7805962293533
2055-06-01,494.397926501687,409.42729362287747,409.42729362287747,579.3685593804964,579.3685593804964
2055-07-01,493.0398173184712,407.7825425214264,407.7825425214264,578.297092115516,578.297092115516
2055-08-01,493.2507180192908,407.7077617941802,407.7077617941802,578.7936742444014,578.7936742444014
2055-09-01,494.7886392841929,408.9463492531383,408.9463492531383,580.6309293152475,580.6309293152475
2055-10-01,496.2904108912887,410.1484308092521,410.1484308092521,582.4323909733253,582.4323909733253
2055-11-01,497.2442627277187,410.80363161519,410.80363161519,583.6848938402475,583.6848938402475
2055-12-01,497.93528678619293,411.19703293121523,411.19703293121523,584.6735406411706,584.6735406411706
2056-01-01,498.4636223161914,411.4287634578648,411.4287634578648,585.498481174518,585.498481174518
2056-02-01,498.9077594068382,411.57730291446023,411.57730291446023,586.2382158992161,586.2382158992161
2056-03-01,499.2736568016933,411.6485998496696,411.6485998496696,586.898713753717,586.898713753717
2056-04-01,499.3234501311116,411.4047798697634,411.4047798697634,587.2421203924598,587.2421203924598
2056-05-01,498.47554164395206,410.2642353663441,410.2642353663441,586.68684792156,586.68684792156
2056-06-01,496.7758926336728,408.27291793858143,408.27291793858143,585.2788673287641,585.2788673287641
2056-07-01,495.417783450457,406.6240984016482,406.6240984016482,584.2114684992658,584.2114684992658
2056-08-01,495.6286841512766,406.54523743343407,406.54523743343407,584.7121308691192,584.7121308691192
2056-09-01,497.16660541617875,407.7799277735575,407.7799277735575,586.5532830587999,586.5532830587999
2056-10-01,498.6683770232745,408.9781162084489,408.9781162084489,588.3586378381001,588.3586378381001
2056-11-01,499.62222885970453,409.62940897902195,409.62940897902195,589.6150487403871,589.6150487403871
2056-12-01,500.31325291817876,410.01888778323513,410.01888778323513,590.6076180531223,590.6076180531223
2057-01-01,500.8415884481772,410.24668174714867,410.24668174714867,591.4364951492058,591.4364951492058
2057-02-01,501.285725538824,410.3912710038327,410.3912710038327,592.1801800738153,592.1801800738153
2057-03-01,501.6516229336791,410.45860450431053,410.45860450431053,592.8446413630477,592.8446413630477
2057-04-01,501.7014162630974,410.2108082461829,410.2108082461829,593.1920242800119,593.1920242800119
2057-05-01,500.8535077759379,409.0662750017102,409.0662750017102,592.6407405501656,592.6407405501656
2057-06-01,499.15385876565864,407.0709567403883,407.0709567403883,591.236760790929,591.236760790929
2057-07-01,497.79574958244285,405.418124637711,405.418124637711,590.1733745271747,590.1733745271747
2057-08-01,498.00665028326245,405.3352397221962,405.3352397221962,590.6780608443287,590.6780608443287
2057-09-01,499.5445715481646,406.56608205335283,406.56608205335283,592.5230610429763,592.5230610429763
2057-10-01,501.04634315526033,407.76042635190305,407.76042635190305,594.3322599586177,594.3322599586177
2057-11-01,502.00019499169036,408.40786069582526,408.40786069582526,595.5925292875554,595.5925292875554
2057-12-01,502.6912190501646,408.7934671917999,408.7934671917999,596.5889709085293,596.5889709085293
2058-01-01,503.21955458016305,409.01737536353824,409.01737536353824,597.4217337967879,597.4217337967879
2058-02-01,503.66369167080984,409.15806573104277,409.15806573104277,598.1693176105769,598.1693176105769
2058-03-01,504.02958906566494,409.22148762188937,409.22148762188937,598.8376905094406,598.8376905094406
2058-04-01,504.07938239508326,408.9697674001769,408.9697674001769,599.1889973899896,599.1889973899896
2058-05-01,503.2314739079237,407.8212981949245,407.8212981949245,598.641649620923,598.641649620923
2058-06-01,501.53182489764447,405.8220323229492,405.8220323229492,597.2416174723397,597.2416174723397
2058-07-01,500.1737157144287,404.1652412979201,404.1652412979201,596.1821901309373,596.1821901309373
2058-08-01,500.3846164152483,404.0783864776615,404.0783864776615,596.690846352835,596.690846352835
2058-09-01,501.9225376801504,405.3054281169492,405.3054281169492,598.5396472433516,598.5396472433516
2058-10-01,503.42430928724616,406.49597547711875,406.49597547711875,600.3526430973736,600.3526430973736
2058-11-01,504.3781611236762,407.13959917386467,407.13959917386467,601.6167230734877,601.6167230734877
2058-12-01,505.0691851821504,407.5213816962329,407.5213816962329,602.616988668068,602.616988668068
2059-01-01,505.5975207121489,407.7414529402062,407.7414529402062,603.4535884840915,603.4535884840915
2059-02-01,506.04165780279567,407.8782937882771,407.8782937882771,604.2050218173142,604.2050218173142
2059-03-01,506.40755519765077,407.93785392103104,407.93785392103104,604.8772564742706,604.8772564742706
2059-04-01,506.4573485270691,407.682260046387,407.682260046387,605.2324370077512,605.2324370077512
2059-05-01,505.60944003990954,406.5299056282742,406.5299056282742,604.6889744515449,604.6889744515449
2059-06-01,503.9097910296303,404.52674330978016,404.52674330978016,603.2928387494804,603.2928387494804
2059-07-01,502.5516818464145,402.86604492246414,402.86604492246414,602.2373187703649,602.2373187703649
2059-08-01,502.7625825472341,402.77527213390897,402.77527213390897,602.7498929605592,602.7498929605592
2059-09-01,504.30050381213624,403.9985587106708,403.9985587106708,604.6024489136017,604.6024489136017
2059-10-01,505.802275419232,405.1853546481992,405.1853546481992,606.4191961902648,606.4191961902648
2059-11-01,506.756127255662,405.82521375661963,405.82521375661963,607.6870407547044,607.6870407547044
2059-12-01,507.44715131413625,406.2032188833083,406.2032188833083,608.6910837449642,608.6910837449642
2060-01-01,507.9754868441347,406.41950027335224,406.41950027335224,609.5314734149172,609.5314734149172
2060-02-01,508.4196239347815,406.55253914940135,406.55253914940135,610.2867087201616,610.2867087201616
2060-03-01,508.7855213296366,406.6082855235202,406.6082855235202,610.962757135753,610.962757135753
2060-04-01,508.8353146590549,406.3488664266881,406.3488664266881,611.3217628914217,611.3217628914217
2060-05-01,507.9874061718954,405.192675637726,405.192675637726,610.7821367060648,610.7821367060648
2060-06-01,506.2877571616161,403.18566610668597,403.18566610668597,609.3898482165463,609.3898482165463
2060-07-01,504.92964797840034,401.5211099643975,401.5211099643975,608.3381859924032,608.3381859924032
2060-08-01,505.14054867921993,401.4264691702413,401.4264691702413,608.8546281881986,608.8546281881986
2060-09-01,506.67846994412207,402.6460447228229,402.6460447228229,610.7108951654212,610.7108951654212
2060-10-01,508.1802415512178,403.82913316768224,403.82913316768224,612.5313499347534,612.5313499347534
2060-11-01,509.13409338764785,404.46527212591985,404.46527212591985,613.8029146493759,613.8029146493759
2060-12-01,509.8251174461221,404.8395447812709,404.8395447812709,614.8106901109733,614.8106901109733
2061-01-01,510.35345297612054,405.05208170673046,405.05208170673046,615.6548242455106,615.6548242455106
2061-02-01,510.7975900667673,405.18136444465415,405.18136444465415,616.4138156888805,616.4138156888805
2061-03-01,511.1634874616224,405.2333433188512,405.2333433188512,617.0936316043936,617.0936316043936
2061-04-01,511.21328079104075,404.9701456643161,404.9701456643161,617.4564159177654,617.4564159177654
2061-05-01,510.3653723038812,403.8101655563803,403.8101655563803,616.9205790513821,616.9205790513821
2061-06-01,508.66572329360196,401.7993562343183,401.7993562343183,615.5320903528857,615.5320903528857
2061-07-01,507.30761411038617,400.1309901111022,400.1309901111022,614.4842381096701,614.4842381096701
2061-08-01,507.51851481120576,400.03252942137595,400.03252942137595,615.0045002010356,615.0045002010356
2061-09-01,509.0564360761079,401.2484364864201,401.2484364864201,616.8644356657957,616.8644356657957
2061-10-01,510.55820768320365,402.4278598718197,402.4278598718197,618.6885554945876,618.6885554945876
2061-11-01,511.5120595196337,403.06032158938376,403.06032158938376,619.9637974498836,619.9637974498836
2061-12-01,512.2030835781079,403.4309051390772,403.4309051390772,620.9752620171387,620.9752620171387
2062-01-01,512.7314191081064,403.6397414023662,403.6397414023662,621.8230968138465,621.8230968138465
2062-02-01,513.1755561987532,403.7653122225431,403.7653122225431,622.5858001749632,622.5858001749632
2062-03-01,513.5414535936083,403.81356821703434,403.81356821703434,623.2693389701822,623.2693389701822
2062-04-01,513.5912469230266,403.54663700734153,403.54663700734153,623.6358568387116,623.6358568387116
2062-05-01,512.743338435867,402.3829129483943,402.3829129483943,623.1037639233398,623.1037639233398
2062-06-01,511.0436894255878,400.36834955235105,400.36834955235105,621.7190292988246,621.7190292988246
2062-07-01,509.685580242372,398.69621949854206,398.69621949854206,620.6749409862019,620.6749409862019
2062-08-01,509.8964809431916,398.5939852816223,398.5939852816223,621.1989766047609,621.1989766047609
2062-09-01,511.43440220809373,399.80626497660853,399.80626497660853,623.0625394395789,623.0625394395789
2062-10-01,512.9361738151895,400.98206432125954,400.98206432125954,624.8902833091194,624.8902833091194
2062-11-01,513.8900256516196,401.6108902640223,401.6108902640223,626.1691610392168,626.1691610392168
2062-12-01,514.5810497100938,401.97782660260924,401.97782660260924,627.1842728175783,627.1842728175783
2063-01-01,515.1093852400923,402.18300450909794,402.18300450909794,628.0357659710866,628.0357659710866
2063-02-01,515.553522330739,402.30490611045565,402.30490611045565,628.8021385510224,628.8021385510224
2063-03-01,515.9194197255941,402.3494823010425,402.3494823010425,629.4893571501458,629.4893571501458
2063-04-01,515.9692130550125,402.07886097273934,402.07886097273934,629.8595651372856,629.8595651372856
